{"cameraMode":{"drawMode":0,"name":"Shaded","section":"Shading Mode"},"sceneLighting":false,"audioPlay":false,"sceneViewState":{"m_AlwaysRefresh":false,"showFog":true,"showSkybox":false,"showFlares":true,"showImageEffects":true,"showParticleSystems":true,"showVisualEffectGraphs":true,"m_FxEnabled":true},"in2DMode":false,"pivot":{"x":2.857255220413208,"y":-23.02691650390625,"z":38.19533157348633},"rotation":{"x":-0.03149471431970596,"y":-0.00449772272258997,"z":-0.0001420126500306651,"w":0.9994946122169495},"size":0.8463007211685181,"orthographic":false}