{"cameraMode":{"drawMode":0,"name":"Shaded","section":"Shading Mode"},"sceneLighting":true,"audioPlay":false,"sceneViewState":{"m_AlwaysRefresh":false,"showFog":true,"showSkybox":true,"showFlares":true,"showImageEffects":true,"showParticleSystems":true,"showVisualEffectGraphs":true,"m_FxEnabled":true},"in2DMode":false,"pivot":{"x":0.3595902919769287,"y":-4.154848098754883,"z":3.5346593856811525},"rotation":{"x":0.058042287826538089,"y":-0.1201043501496315,"z":0.0070352195762097839,"w":0.9910420775413513},"size":2.316420316696167,"orthographic":true}