{"cameraMode":{"drawMode":0,"name":"Shaded","section":"Shading Mode"},"sceneLighting":true,"audioPlay":false,"sceneViewState":{"m_AlwaysRefresh":false,"showFog":true,"showSkybox":true,"showFlares":true,"showImageEffects":true,"showParticleSystems":true,"showVisualEffectGraphs":true,"m_FxEnabled":true},"in2DMode":false,"pivot":{"x":-2.4689643383026125,"y":4.25492525100708,"z":-12.711610794067383},"rotation":{"x":-0.10362312197685242,"y":-0.0023897455539554359,"z":0.00024899732670746744,"w":-0.9946147203445435},"size":7.544896602630615,"orthographic":false}