{"cameraMode":{"drawMode":0,"name":"Shaded","section":"Shading Mode"},"sceneLighting":true,"audioPlay":false,"sceneViewState":{"m_AlwaysRefresh":false,"showFog":true,"showSkybox":true,"showFlares":true,"showImageEffects":true,"showParticleSystems":true,"showVisualEffectGraphs":true,"m_FxEnabled":true},"in2DMode":false,"pivot":{"x":-2.840178966522217,"y":-17.44388771057129,"z":26.08565902709961},"rotation":{"x":-0.2263081967830658,"y":-0.014029017649590969,"z":0.0032590841874480249,"w":-0.9739508032798767},"size":24.519933700561525,"orthographic":false}