{"cameraMode":{"drawMode":0,"name":"Shaded","section":"Shading Mode"},"sceneLighting":true,"audioPlay":false,"sceneViewState":{"m_AlwaysRefresh":false,"showFog":true,"showSkybox":true,"showFlares":true,"showImageEffects":true,"showParticleSystems":true,"showVisualEffectGraphs":true,"m_FxEnabled":true},"in2DMode":false,"pivot":{"x":4.319395542144775,"y":-0.19127100706100465,"z":2.567157030105591},"rotation":{"x":0.03738197684288025,"y":0.07637102156877518,"z":-0.002864919602870941,"w":0.9963788986206055},"size":5.789820194244385,"orthographic":true}