{"cameraMode":{"drawMode":0,"name":"Shaded","section":"Shading Mode"},"sceneLighting":false,"audioPlay":false,"sceneViewState":{"m_AlwaysRefresh":false,"showFog":true,"showSkybox":false,"showFlares":true,"showImageEffects":true,"showParticleSystems":true,"showVisualEffectGraphs":true,"m_FxEnabled":true},"in2DMode":false,"pivot":{"x":0.08056831359863281,"y":-0.4110925793647766,"z":-0.14495182037353517},"rotation":{"x":0.21241652965545655,"y":0.0629781186580658,"z":-0.013720185495913029,"w":0.9750534296035767},"size":1.2479737997055054,"orthographic":false}