{"cameraMode":{"drawMode":0,"name":"Shaded","section":"Shading Mode"},"sceneLighting":false,"audioPlay":false,"sceneViewState":{"m_AlwaysRefresh":false,"showFog":true,"showSkybox":false,"showFlares":true,"showImageEffects":true,"showParticleSystems":true,"showVisualEffectGraphs":true,"m_FxEnabled":true},"in2DMode":false,"pivot":{"x":3.0760183334350588,"y":-23.146591186523439,"z":-0.0019683837890625},"rotation":{"x":0.037396155297756198,"y":0.07128728926181793,"z":-0.0026734815910458566,"w":0.9967541694641113},"size":0.8617172241210938,"orthographic":true}