{"cameraMode":{"drawMode":0,"name":"Shaded","section":"Shading Mode"},"sceneLighting":false,"audioPlay":false,"sceneViewState":{"m_AlwaysRefresh":false,"showFog":true,"showSkybox":false,"showFlares":true,"showImageEffects":true,"showParticleSystems":true,"showVisualEffectGraphs":true,"m_FxEnabled":true},"in2DMode":false,"pivot":{"x":2.689953088760376,"y":-23.502246856689454,"z":0.5645110607147217},"rotation":{"x":0.20257531106472016,"y":-0.11777876317501068,"z":0.02455117367208004,"w":0.9718514084815979},"size":2.5735578536987306,"orthographic":false}